codigo,desc
V0001,Unidade da Federação
V0024,Estrato
UPA_PNS,UPA
V0006_PNS,Número de ordem do domicílio na PNS
UPA,Código da UPA das Pesquisas Domiciliares do Sistema Integrado
V0015,Tipo de entrevista
V0020,Ano de referência
V0022,Total de moradores
V0026,Tipo de situação censitária
V0031,Tipo de área
V0025,Seleção do morador de 18 anos ou mais para responder o questionário individual
A001,Este domicílio é do tipo:
A002,Qual o material que predomina na construção das paredes externas deste domicílio?
A003,Qual o material que predomina na cobertura (telhado) do domicílio?
A004,Qual o material que predomina no piso do domicílio?
A005,Qual é a principal forma de abastecimento de água deste domicílio? 
A006,Com que frequência a água proveniente da rede geral está habitualmente disponível para este domicílio?
A007,Este domicílio tem água canalizada para pelo menos um cômodo?
A008,"""Além da principal, que outra forma de abastecimento de água é utilizada neste domicílio? """
A009,A água utilizada para beber neste domicílio é:
A010,"""Qual o número de cômodos no seu domicílio, incluindo banheiro(s) e cozinha(s)? """
A011,Quantos cômodos estão servindo permanentemente de dormitório para os moradores deste domicílio?  
A012,O seu domicílio tem cozinha?
A013,O fogão deste domicílio utiliza predominantemente:
A014,Quantos banheiros ou sanitários existem neste domicílio?  (0=Nenhum)
A015,De que forma é feito o escoadouro dos banheiros ou sanitários?
A016,Qual o destino dado ao lixo:
A017,Qual a origem da energia elétrica utilizada neste domicílio?
A01801,Neste domicílio existe televisão a cores?
A01802,"""Se sim, especifique a quantidade (A01801)"""
A01803,Neste domicílio existe geladeira?
A01804,"""Se sim, especifique a quantidade (A01803)"""
A01805,Neste domicílio existe Video/DVD?
A01806,"""Se sim, especifique a quantidade (A01805)"""
A01807,Neste domicílio existe máquina de lavar roupa?
A01808,"""Se sim, especifique a quantidade (A01807)"""
A01809,Neste domicílio existe linha de telefone fixo?
A01810,"""Se sim, especifique a quantidade (A01809)"""
A01811,Neste domicílio existe telefone celular?
A01812,"""Se sim, especifique a quantidade (A01811)"""
A01813,Neste domicílio existe forno micro-ondas?
A01814,"""Se sim, especifique a quantidade (A01813)"""
A01815,Neste domicílio existe computador?
A01816,"""Se sim, especifique a quantidade (A01815)"""
A01817,Neste domicílio existe motocicleta?
A01818,"""Se sim, especifique a quantidade (A01817)"""
A019,Os moradores têm acesso a internet no domicílio?
A020,Quantos carros tem este domicílio? (0 = Nenhum)
A021,"""Em seu domicílio, trabalha algum(a) empregado(a) doméstico(a) mensalista?"""
A022,"""Em seu domicílio, há algum cachorro, gato, ave ou peixe?"""
A02301,Quantos gatos há no seu domicilio?  (0 = Nenhum)
A02302,Quantos cachorros há no seu domicilio?  (0 = Nenhum)
A02303,Quantos aves há no seu domicilio?  (0 = Nenhum)
A02304,Quantos peixes há no seu domicilio?  (0 = Nenhum)
A024,"""Nos últimos 12 meses, os gatos e/ou cachorros  foram vacinados contra raiva?"""
B001,O seu domicílio está cadastrado na unidade de saúde da família?
B002,Quando o seu domicílio foi cadastrado?
B003,"""Nos últimos 12 meses, com que frequência o seu domicílio recebeu uma visita de algum Agente Comunitário ou algum membro da Equipe de Saúde da Família?"""
B004,"""Nos últimos 12 meses, com que frequência o seu domicílio recebeu uma visita de algum agente de endemias (como a dengue, por ex.)"""
C001,Número de pessoas no domicílio
C00301,Número de ordem do morador
C004,Condição no domicílio:
C006,Sexo
C00701,Dia de nascimento
C00702,Mês de nascimento
C00703,Ano de nascimento
C008,Idade do morador na data de referência
C009,Cor ou raça
C010,_______ vive com cônjuge ou companheiro(a)?
C011,Qual é o estado civil de ___? 
C012,O informante desta parte foi:
D001,Sabe ler e escrever?
D002,______ frequenta escola? 
D003,Qual é o curso que _____ frequenta? 
D004,A duração deste curso que _____ frequenta é de:
D005,Este curso que _____ frequenta é seriado? 
D006,Qual é a série / ano que frequenta?
D007,_____ já concluiu algum outro curso superior de graduação?
D008,Anteriormente _____ frequentou escola?
D009,Qual foi o curso mais elevado que _____ frequentou anteriormente?
D010,A duração deste curso que _____ frequentou anteriormente era de:
D011,Este curso que _____ frequentou anteriormente era seriado?
D012,"""_____ concluiu, com aprovação, pelo menos a primeira série deste curso que _____ frequentou anteriormente?"""
D013,"""Qual foi a última série / ano que _____ concluiu, com aprovação, neste curso que frequentou anteriormente?"""
D014,____ concluiu este curso que frequentou anteriormente?
D015,"""Na semana de 21 a 27 de julho de 2013 (semana de referência), ________________ trabalhou ou estagiou, durante pelo menos uma hora, em alguma atividade remunerada em dinheiro?"""
E001,"""Na semana de 21 a 27 de julho de 2013 (semana de referência), ________________ trabalhou ou estagiou, durante pelo menos uma hora, em alguma atividade remunerada em produtos, mercadorias, moradia, etc.?"""
E002,"""Apesar do que acaba de dizer, na semana de 21 a 27 de julho de 2013 (semana de referência), ________________ fez algum bico ou trabalhou em alguma atividade ocasional remunerada durante pelo menos 1 hora?"""
E003,"""Na semana de 21 a 27 de julho de 2013 (semana de referência), ________________ ajudou durante pelo menos 1 hora, sem receber pagamento, no trabalho remunerado de algum morador do domicílio?"""
E004,"""Na semana de 21 a 27 de julho de 2013 (semana de referência), ________________ tinha algum trabalho remunerado do qual estava temporariamente afastado?"""
E005,"""Na semana de 21 a 27 de julho de 2013 (semana de referência), porque motivo ________________ estava afastado desse trabalho?"""
E006,"""Durante o tempo de afastamento, ________________ continuou a receber ao menos uma parte do pagamento?"""
E007,A doença ou acidente foi relacionado ao trabalho?
E008,"""Em 27 de julho de 2013 (último dia da semana de referência), fazia quantos dias que ________________ estava afastado desse trabalho?"""
E01001,"""Em 27 de julho de 2013 (último dia da semana de referência), fazia quantos meses que ________________ estava afastado desse trabalho?"""
E01002,"""Em 27 de julho de 2013 (último dia da semana de referência), fazia quantos anos que ________________ estava afastado desse trabalho?"""
E01003,Quantos trabalhos ________________ tinha na semana de 21 a 27 de julho de 2013 (semana de referência)?
E011,Qual era a ocupação (cargo ou função) que ________________ tinha nesse trabalho? - Código
E01201,Nesse trabalho era:
E014,Qual era a principal atividade desse negócio/empresa? - Código
E01501,Recebia valor em dinheiro por esse trabalho principal?
E01601,Qual era o rendimento bruto mensal ou retirada que ________________ fazia normalmente nesse trabalho? - Valor em dinheiro (R$)
E01602,Recebia em produtos ou mercadorias por esse trabalho principal?
E01603,Qual era o rendimento bruto mensal ou retirada que ________________ fazia normalmente nesse trabalho? - Valor estimado dos produtos ou mercadorias (R$)
E01604,Recebia somente em benefícios por esse trabalho principal?
E01605,"""Quantas horas ________________ trabalhava normalmente, por semana, nesse trabalho"""
E017,Recebia valor em dinheiro por esse(s) outro(s) trabalho(s)?
E01801,Qual era o rendimento bruto mensal ou retirada que ________________ fazia normalmente nesse(s) outro(s) trabalho(s)? - Valor em dinheiro (R$)
E01802,Recebia valor em produtos ou mercadorias por esse(s) outro(s) trabalho(s)?
E01803,Qual era o rendimento bruto mensal ou retirada que ________________ fazia normalmente nesse(s) outro(s) trabalho(s)? - Valor estimado dos produtos ou mercadorias (R$)
E01804,Recebia somente em benefícios por esse(s) outro(s) trabalho(s)?
E01805,"""Quantas horas ________________ trabalhava normalmente, por semana, nesse(s) outro(s) trabalho(s)?"""
E019,"""No período de 28 de junho a 27 de julho de 2013 (período de referência de 30 dias), ________________ tomou alguma providência para conseguir outro trabalho, seja um emprego ou um negócio próprio?"""
E020,Qual foi o principal motivo que levou ________________ a procurar outro trabalho no período de 28 de junho a 27 de julho de 2013 (período de referência de 30 dias)?
E021,"""No período de 28 de junho a 27 de julho de 2013 (período de referência de 30 dias), ________________ tomou alguma providência para conseguir trabalho, seja um emprego ou um negócio próprio?"""
E022,"""No período de 28 de junho a 27 de julho de 2013 (período de referência de 30 dias), qual foi a principal providência que ________________ tomou para conseguir trabalho?"""
E023,Qual foi o principal motivo de ________________ não ter tomado providência para conseguir trabalho no período de 28 de junho a 27 de julho de 2013 (período de referência de 30 dias)?
E024,"""Até o dia 27 de julho de 2013 (último dia da semana de referência), fazia quanto tempo que ________________ estava sem qualquer trabalho e tentando conseguir trabalho?"""
E025,Número de meses na condição 2 da variável E025: De 1 mês a menos de 1 ano
E02501,Número de meses na condição 3 da variável E025: De 1 ano a menos de 2 anos
E02502,Se tivesse conseguido um trabalho ________________ poderia ter começado a trabalhar na semana de 21 a 27 de julho de 2013 (semana de referência)?
E026,"""________________, no período de referência de 28 de junho a 27 de julho de 2013, recebeu alguma aposentadoria ou pensão de instituto de previdência federal (INSS), estadual, municipal ou do governo federal, estadual, municipal?"""
E027,Valor recebido em reais (F001)
F001,"""________________, no período de referência de 28 de junho a 27 de julho de 2013, recebeu pensão alimentícia ou doação em dinheiro de pessoa que não morava no domicílio?"""
F00102,Valor recebido em reais (F007)
F007,"""________________, no período de referência de 28 de junho a 27 de julho de 2013, recebeu algum aluguel ou arrendamento?"""
F00702,Valor recebido em reais (F008)
F008,"""________________, no período de referência de 28 de junho a 27 de julho de 2013, recebeu algum juro de caderneta de poupança e de outras aplicações financeiras, dividendos, programas sociais, seguro-desemprego, seguro defeso ou outros rendimentos?"""
F00802,Valor recebido em reais (VDF001)
VDF001,_______tem deficiência intelectual?
VDF00102,_________nasceu com a deficiência intelectual ou a deficiência foi adquirida por doença ou acidente?
G001,Com que idade?
G002,A deficiência intelectual está associada a alguma dessas síndromes ou transtornos de  desenvolvimento?
G00201,"""Em geral, em que grau a deficiência intelectual limita as atividades habituais (como ir à escola, brincar, trabalhar, etc.) de _______________?"""
G003,_________frequenta algum serviço de reabilitação devido à deficiência intelectual?
G004,_________tem alguma deficiência física?
G005,_________nasceu com a deficiência física ou a deficiência foi adquirida por doença ou acidente?
G006,Qual deficiência física? 
G007,"""Em geral, em que grau a deficiência física limita as atividades habituais de __________ ?"""
G00701,_________frequenta algum serviço de reabilitação devido à deficiência física?              
G008,_________tem deficiência auditiva ?
G009,_________nasceu com a deficiência auditiva ou a deficiência foi adquirida?
G010,Qual deficiência auditiva?
G014,"""Em geral, em que grau a deficiência auditiva limita as atividades habituais de __________?"""
G015,_________frequenta algum serviço de reabilitação devido à deficiência auditiva?
G01501, _________tem deficiência visual ?
G016,_________nasceu com a deficiência visual ou a deficiência foi adquirida por doença ou acidente?
G017,Qual deficiência visual?
G018,_____ usa algum recurso para auxiliar a locomoção?
G021, _____ faz uso de bengala articulada? 
G022, _____ faz uso de cão guia?
G02201,_____ faz usao de algum outro recurso que não bengala articulada ou cão guia para auxiliar a locomoção?
G023,"""Em geral, em que grau a deficiência visual limita as atividades habituais de __________?"""
G024,_________frequenta algum serviço de reabilitação devido à deficiência visual?
G02501,"""_____ tem algum plano de saúde, médico ou odontológico, particular, de empresa ou órgão público?"""
G02502,"""_____ tem quantos planos de saúde (médico ou odontológico) particular, de empresa ou órgão público?"""
G02503,_____ tem algum plano de saúde apenas para assistência odontológica?
G026,"""O plano de saúde (único ou principal) que _____ possui é de instituição de assistência de servidor público (municipal, estadual ou militar)?"""
G027,Há quanto tempo sem interrupção _____ possui esse plano de saúde?
G032,_____ considera este plano de saúde:
I001,Quem é o titular do plano de saúde?
I002,Número do morador no domicílio titular do plano de saúde
I003,_____ (nome do titular) tem alguém que não mora neste domicílio como dependente ou agregado neste plano de saúde?
I004,Quantas pessoas que não moram neste domicílio ______ (nome do titular) tem como dependentes ou agregados no plano de saúde? 
I005,Quem paga a mensalidade deste plano de saúde?
I006,Qual é o valor da mensalidade deste plano de saúde?
I007,"""De um modo geral, como é o estado de saúde de________"""
I00701,"""Nas duas últimas semanas, _____ deixou de realizar quaisquer de suas atividades habituais (trabalhar, ir à escola, brincar, afazeres domésticos etc.) por motivo de saúde? """
I008,"""Nas duas últimas semanas, quantos dias _____ deixou de realizar suas atividades habituais, por motivo de saúde? """
I009,Qual foi o principal motivo de saúde que impediu _____ de realizar suas atividade habituais nas duas últimas semanas? 
I010,Nas duas últimas semanas___ esteve acamado (a)
I011,"""Nas duas últimas semanas, quantos dias _____ esteve acamado (a)"""
J001,"""Algum médico já deu o diagnóstico de alguma doença crônica, física ou mental, ou doença de longa duração (de mais de 6 meses de duração) a ___"""
J002,"""Alguma dessas doenças limita de alguma forma suas atividades habituais (trabalhar, ir à escola, brincar, afazeres domésticos, etc.)"""
J003,""" ___ costuma procurar o mesmo lugar, mesmo médico ou mesmo serviço de saúde quando precisa de atendimento de saúde"""
J004,Quando está doente ou precisando de atendimento de saúde___ costuma procurar
J005,Quando ____ consultou um médico pela última vez
J006,Quantas vezes ___ consultou um médico nos últimos 12 meses
J007,Quando ___ consultou um dentista pela última vez
J008,"""Nas duas últimas semanas, ___ procurou algum lugar, serviço ou profissional de saúde para atendimento relacionado à própria saúde"""
J009,Qual foi o motivo principal pelo qual ___ procurou atendimento relacionado à própria saúde nas duas últimas semanas
J010,Onde ___ procurou o primeiro atendimento de saúde por este motivo nas duas últimas semanas
J011,"""Nessa primeira vez que procurou atendimento de saúde, nas duas últimas semanas, _______ foi atendido(a)?"""
J012,Por que motivo ___ não foi atendido(a) na primeira vez que procurou atendimento de saúde nas duas últimas semanas
J013,"""Nas duas últimas semanas, quantas vezes ___ voltou a procurar atendimento de saúde por este mesmo motivo"""
J014,Onde ___ procurou o último atendimento de saúde por este motivo nas duas últimas semanas
J015,""" Nessa última vez que procurou atendimento de saúde por este motivo, nas duas últimas semanas, ___ foi atendido (a)?"""
J016,Por que motivo ___ não foi atendido (a) nessa última vez que procurou atendimento de saúde nas duas últimas semanas
J017, Este serviço de saúde onde___ foi atendido era:
J018, Este atendimento de saúde de ___ foi coberto por algum plano de saúde
J019, ___ pagou algum valor por este atendimento de saúde recebido nas duas últimas semanas 
J020,O atendimento de ___ foi feito pelo SUS
J021,Qual foi o principal atendimento de saúde que ___ recebeu?
J022,"""No último atendimento de _____, foi receitado algum medicamento?"""
J023,_____ conseguiu obter os medicamentos receitados?
J024,Qual o principal motivo de ___ não ter conseguido obter todos os medicamentos receitados
J025,Algum dos medicamentos foi coberto por plano de saúde
J026,Algum dos medicamentos foi obtido no programa farmácia popular (PFP)?
J027,Algum dos medicamentos foi obtido em serviço público de saúde
J029, ___ pagou algum valor pelos medicamentos
J030,"""Nas duas últimas semanas, por que motivo ___ não procurou serviço de saúde"""
J031,"""Nos últimos 12 meses, ___ ficou internado(a) em hospital por 24 horas ou mais"""
J032,"""Nos últimos 12 meses, quantas vezes ___ esteve internado(a)"""
J033,Qual foi o principal atendimento de saúde que ___recebeu quando esteve internado(a) (pela última vez) nos doze últimos meses
J034,Quanto tempo em meses o morador ficou internado
J035,Quanto tempo em dias o morador ficou internado
J036,O estabelecimento de saúde em que ___ esteve internado(a) pela última vez nos últimos 12 meses era
J037,A última internação de ___ nos últimos 12 meses foi coberta por algum plano de saúde
J038,____ pagou algum valor por esta última internação?
J039,Esta última internação de ___ foi feita através do Sistema Único de Saúde (SUS)
J04001,"""Na última vez que _____ foi internado(a), como foi o atendimento recebido?"""
J04002,"""Nos últimos 12 meses, ___ teve atendimento de urgência ou emergência no domicílio"""
J041,Este atendimento foi coberto por algum plano de saúde
J042,_____ pagou algum valor por este atendimento?
J043,Este atendimento foi feito através do Sistema Único de Saúde (SUS)
J044,"""Na última vez que _____ teve atendimento de urgência no domicílio, como foi o atendimento recebido?"""
J045,"""Neste atendimento, ___ foi transportado por ambulância para um serviço de saúde"""
J046,O transporte foi feito por
J047,"""Nos últimos 12 meses, _____ utilizou alguma prática integrativa e complementar, isto é, tratamento como acupuntura, homeopatia, plantas medicinais e fitoterapia, etc.?"""
J048,Qual tratamento _________ fez uso?
J049,Este tratamento foi coberto por algum plano de saúde? 
J050,_____ pagou algum valor por este tratamento?
J051,Este tratamento foi feito através do Sistema Único de Saúde (SUS)? 
J052,_____  já teve dengue?
J053,O diagnóstico foi dado por médico?
J054,"""Em geral, que grau de dificuldade _____ tem para comer sozinho(a) com um prato colocado à sua frente, incluindo segurar um garfo, cortar alimentos e beber em um copo?"""
J055, _______ recebe alguma ajuda para comer?
J056,Quem presta ajuda a __________  para comer?
J057,"""Em geral, que grau de dificuldade ___ tem para tomar banho sozinho(a) incluindo entrar e sair do chuveiro ou banheira"""
J058,_____ recebe alguma ajuda para tomar banho?
J059,Quem presta ajuda a _____ para tomar banho?
J060,"""Em geral, que grau de dificuldade ______ tem para ir ao banheiro sozinho(a) incluindo sentar e levantar do vaso sanitário?"""
K001,______ recebe alguma ajuda para ir ao banheiro?
K002,Quem presta ajuda a ______ para ir ao banheiro?
K003,"""Em geral, que grau de dificuldade _______ tem para se vestir sozinho(a), incluindo calçar meias e sapatos, fechar o zíper, e fechar e abrir botões?"""
K004,_______ recebe alguma ajuda para se vestir?
K005,Quem presta ajuda a _______ para se vestir?
K006,"""Em geral, que grau de dificuldade _______ tem para andar em casa sozinho(a) de um cômodo a outro da casa, em um mesmo andar, como do quarto para a sala e cozinha?"""
K007,_______ recebe alguma ajuda para andar em casa?
K008,Quem presta ajuda a _______para andar em casa?
K009,"""Em geral, que grau de dificuldade ___ tem para deitar-se ou levantar-se da cama sozinho(a)"""
K010,_______ recebe alguma ajuda para deitar ou levantar da cama?
K011,Quem presta ajuda a __________ para deitar ou levantar da cama?
K012,"""Em geral, que grau de dificuldade ___ tem para sentar-se ou levantar-se da cadeira sozinho"""
K013,_______ recebe alguma ajuda para sentar ou levantar da cadeira?
K014,Quem presta ajuda a _______ para sentar ou levantar da cadeira?
K015,"""Em geral, que grau de dificuldade _______ tem para fazer compras sozinho(a), por exemplo de alimentos, roupas ou medicamentos?"""
K016,_______ recebe alguma ajuda para fazer compras?
K017,Quem presta ajuda a _______ para fazer compras?
K018,""" Em geral, que grau de dificuldade ___ tem para administrar as finanças sozinho(a) (cuidar do seu próprio dinheiro)"""
K019,_______ recebe alguma ajuda para administrar as finanças?
K020,Quem presta ajuda a ______ para administrar as finanças?
K021,"""Em geral, que grau de dificuldade _______ tem para tomar os remédios sozinho(a)? """
K022,_______ recebe alguma ajuda para tomar os remédios?
K023,Quem presta ajuda a _________ para tomar os remédios?
K024,""" Em geral, que grau de dificuldade ___ tem para ir ao médico sozinho(a)"""
K025,_______ recebe alguma ajuda para ir ao médico?
K026,Quem presta ajuda a ______ para ir ao médico?
K027,"""Em geral, que grau de dificuldade ___ tem para sair sozinho(a) utilizando um transporte como ônibus, metrô, táxi, carro, etc."""
K028,_______ recebe alguma ajuda para sair?
K029,Quem presta ajuda a _________ para sair?
K030,"""_______ participa de atividades sociais organizadas (clubes, grupos comunitários ou religiosos, centros de convivência do idosos, etc.)?"""
K031,Quando foi a última vez que _____ fez um exame de mamografia?
K032,A última mamografia foi coberta por algum plano de saúde?
K033,_____  pagou algum valor pela última mamografia?
K034,A última mamografia foi feita através do Sistema Único de Saúde (SUS)?
K035,Quando foi a última vez que _________ fez exame de vista por profissional de saúde?
K036,Algum médico já deu a ___ diagnóstico de catarata em uma ou em ambas as vistas
K039,Houve indicação para realização de cirurgia nos olhos para retirar a catarata
K040,___ fez a cirurgia
K041,Qual o principal motivo do(a) ___ não ter feito a cirurgia de catarata
K042,A cirurgia de _____ foi coberta pelo plano de saúde?
K043,___ pagou algum valor pela cirurgia
K044,A cirurgia foi feita através do Sistema Único de Saúde (SUS)
K045,"""Nos últimos 12 meses, _______ tomou vacina contra gripe?"""
K046,Qual o principal motivo por não ter tomado a vacina contra gripe
K047,"""Nos últimos 12 meses, _______ teve alguma queda que o(a) levou a procurar o serviço de saúde?"""
K048,"""Na ocasião dessas quedas nos últimos 12 meses, _______ fraturou quadril ou fêmur?"""
K049,Fez cirurgia por causa dessa fratura?
K050,A cirurgia foi coberta pelo plano de saúde?
K051,_______ pagou algum valor pela cirurgia?
K052,A cirurgia foi feita através do Sistema Único de Saúde (SUS)?
K053,Quantas horas ______ esperou desde a hora que chegou ao hospital até a realização da cirurgia?
K054,Quantos dias ______ esperou desde a hora que chegou ao hospital até a realização da cirurgia?
k055,Quantos meses ______ esperou desde a hora que chegou ao hospital até a realização da cirurgia?
K056,Por quantos dias _______ ficou internado(a) por causa dessa cirurgia?
K057,Por quantos meses _______ ficou internado(a) por causa dessa cirurgia?
K058,Com quantos dias de vida [nome] recebeu a primeira consulta médica depois da alta da maternidade?
K059,Com quantos meses de vida [nome] recebeu a primeira consulta médica depois da alta da maternidade?
K06001,Com quantos anos de vida [nome] recebeu a primeira consulta médica depois da alta da maternidade?
K06002,Onde foi realizada a primeira consulta médica ou de enfermagem?
K06003,Onde é realizado o acompanhamento do crescimento e desenvolvimento de [nome]?
K06101,Foi realizado o teste do pezinho? 
K06102,"""Quando foi realizado o teste do pezinho?"""
K062,"""Quando tempo depois da realização do exame, a sra recebeu o resultado do teste do pezinho? """
L00201,Foi realizado o teste de orelhinha? 
L00202,Quando foi realizado o teste da orelhinha? 
L00203,"""Quanto tempo depois da realização do exame, a sra recebeu o resultado do teste da orelhinha?"""
L003,Foi realizado o teste do olhinho? 
L004,Quando foi realizado o teste do olhinho?
L005,"""Quanto tempo depois da realização do exame, a sra recebeu o resultado do teste do olhinho? """
L006,[Nome] já tomou alguma vacina?
L007,A sra tem a caderneta ou cartão de  [nome] no qual as vacinas são anotadas?
L008,Dia da 1ª dose da Vacina Tetravalente (DPT + Hib)
L009,Mês da 1ª dose da Vacina Tetravalente (DPT + Hib)
L010,Ano da 1ª dose da Vacina Tetravalente (DPT + Hib)
L011,Dia da 2ª dose da Vacina Tetravalente (DPT + Hib)
L012,Mês da 2ª dose da Vacina Tetravalente (DPT + Hib)
L013,Ano da 2ª dose da Vacina Tetravalente (DPT + Hib)
L014,Dia da 3ª dose da Vacina Tetravalente (DPT + Hib)
L015,Mês da 3ª dose da Vacina Tetravalente (DPT + Hib)
L01613,Ano da 3ª dose da Vacina Tetravalente (DPT + Hib)
L01614,Dia da dose Reforço da Vacina Tetravalente (DPT + Hib)
L01615,Mês da dose Reforço da Vacina Tetravalente (DPT + Hib)
L01616,Ano da dose Reforço da Vacina Tetravalente (DPT + Hib)
L01617,Você pode me dizer se [nome] tomou leite de peito desde ontem de manhã até hoje de manhã? 
L01618,Você pode me dizer se [nome] tomou outro leite ou derivados de leite desde ontem de manhã até hoje de manhã? 
L01619,Você pode me dizer se [nome] tomou água desde ontem de manhã até hoje de manhã? 
L01620,Você pode me dizer se [nome] tomou chá desde ontem de manhã até hoje de manhã? 
L01621,Você pode me dizer se [nome] tomou mingau desde ontem de manhã até hoje de manhã? 
L01622,Você pode me dizer se [nome] comeu frutas ou tomou suco natural de frutas desde ontem de manhã até hoje de manhã? 
L01623,Você pode me dizer se [nome] tomou sucos artificiais desde ontem de manhã até hoje de manhã? 
L01624,Você pode me dizer se [nome] comeu verduras/legumes desde ontem de manhã até hoje de manhã? 
L01701,"""Você pode me dizer se [nome] comeu feijão ou outras leguminosas (lentilha, ervilha, etc) desde ontem de manhã até hoje de manhã? """
L01702,Você pode me dizer se [nome] comeu carnes ou ovos desde ontem de manhã até hoje de manhã? 
L01703,"""Você pode me dizer se [nome] comeu batata e outros tubérculos e raízes (batata doce, mandioca) desde ontem de manhã até hoje de manhã? """
L01704,"""Você pode me dizer se [nome] comeu cereias e derivados (arroz, pão, cereal, macarrão, farinha, etc) desde ontem de manhã até hoje de manhã? """
L01705,Você pode me dizer se [nome] comeu biscoitos ou bolachas ou bolo desde ontem de manhã até hoje de manhã? 
L01706,"""Você pode me dizer se [nome] comeu doces, balas, ou outros alimentos com açúcar desde ontem de manhã até hoje de manhã? """
L01707,Você pode me dizer se [nome] tomou refrigerantes desde ontem de manhã até hoje de manhã? 
L01708,Você pode me dizer se [nome] comeu ou bebeu outros alimentos desde ontem de manhã até hoje de manhã? 
L01709,"""Desde que [nome] nasceu, tomou ou comeu outro alimento que não leite de peito?"""
L01710,Alguma vez [nome] recebeu Sulfato Ferroso?
L01711,Entrevista do adulto selecionado
L01712,Identificação da mãe do morador selecionado
L01713,O informante dessa parte foi?
L01714,"""Em algum dos seus trabalhos, o(a) Sr(a) trabalha em horário noturno?"""
L01715,Com que frequência o(a) Sr(a) trabalha em horário noturno em algum dos seus trabalhos?
L01716,"""Em algum dos seus trabalhos, o(a) Sr(a) trabalha(va) em regime de turnos ininterruptos, isto é, por 24 horas seguidas"""
L018,Com que frequência o(a) Sr(a) trabalha(va) por 24 horas seguidas
L019,O(a) Sr(a) normalmente trabalha(va) em ambientes
L020,"""Pensando em todos os seus trabalhos, durante os últimos 30 dias, alguém fumou em algum ambiente fechado onde o(a) Sr(a) trabalha?"""
M001,"""Pensando em todos os seus trabalhos, o(a) Sr(a) está exposto(a) a manuseio de substâncias químicas que podem afetar a sua saúde? """
M002,"""Pensando em todos os seus trabalhos, o(a) Sr(a) está em exposição a ruído (barulho intenso) que pode afetar a sua saúde? """
M003,"""Pensando em todos os seus trabalhos, o(a) Sr(a) está em exposição longa ao sol que pode afetar a sua saúde? """
M005,"""Pensando em todos os seus trabalhos, o(a) Sr(a) está  exposto(a) a manuseio de material radioativo (transporte, recebimento, armazenagem, trabalho com raio-x) que pode afetar a sua saúde?"""
M006,"""Pensando em todos os seus trabalhos, o(a) Sr(a) está  exposto(a) a manuseio de resíduos urbanos (lixo) que podem afetar a sua saúde?"""
M007,"""Pensando em todos os seus trabalhos, o(a) Sr(a) está envolvido(a) em atividades que levam ao nervosismo que podem afetar a sua saúde?"""
M008,"""Pensando em todos os seus trabalhos, o(a) Sr(a) está em exposição a material biológico (sangue, agulhas, secreções) que podem afetar a sua saúde?"""
M009,"""Pensando em todos os seus trabalhos, o(a) Sr(a) está em exposição a poeira industrial (pó de mármore) que podem afetar a sua saúde?"""
M010,Há quantos anos o(a) Sr(a) está no trabalho principal?
M01101,Há quantos meses o(a) Sr(a) está no trabalho principal?
M01102,Há quantos dia o(a) Sr(a) está no trabalho principal?
M01103,Com quantos familiares ou parentes o(a) Sr(a) se sente à vontade e pode falar sobre quase tudo?
M01104,Com quantos amigos o(a) Sr(a) se sente à vontade e pode falar sobre quase tudo? (sem considerar os familiares ou parentes)
M01105,"""Nos últimos 12 meses, com que frequência o(a) Sr(a) participou de atividades esportivas ou artísticas em grupo?"""
M01106,"""Nos últimos 12 meses, com que frequência o(a) Sr(a) participou de reuniões de associações de moradores ou funcionários, movimentos comunitários, centros acadêmicos ou similares?"""
M01107,"""Nos últimos 12 meses, com que frequência o(a) Sr(a) participou de trabalho voluntário não remunerado?"""
M01108,"""Nos últimos 12 meses, com que frequência o(a) Sr(a) compareceu a cultos ou atividades da sua religião ou de outra religião? (sem contar com situações como casamento, batizado, ou enterro)"""
M01301,"""Em geral, como o(a) Sr(a) avalia a sua saúde"""
M01302,"""O(a) sr(a) usa algum recurso como bengala, muleta, cadeira de rodas, andador ou outro equipamento para auxiliar a locomoção?"""
M01303,"""Em geral, que grau de dificuldade o(a) sr(a) tem para se locomover?"""
M014,"""Quando o(a) Sr(a) sobe uma ladeira, um lance de escadas ou caminha rápido no plano, sente dor ou desconforto no peito?"""
M015,"""Quando o(a) Sr(a) caminha em lugar plano, em velocidade normal, sente dor ou desconforto no peito"""
M016, O que o(a) Sr(a) faz se sente dor ou desconforto no peito
M017,"""Quando o(a) Sr(a) para, o que acontece com a dor ou desconforto no peito"""
M018,O(A) Sr(a) pode me mostrar onde geralmente sente essa dor/desconforto no peito
M019,"""Nas duas últimas semanas, com que frequência o(a) Sr(a) teve problemas no sono, como dificuldade para adormecer, acordar frequentemente à noite ou dormir mais do que de costume?"""
N001,"""Nas duas últimas semanas, com que frequência o(a) Sr(a) teve problemas por não se sentir descansado(a) e disposto(a) durante o dia, sentindo-se cansado(a), sem ter energia? """
N002,"""Nas duas últimas semanas, com que frequência o(a) Sr(a) teve pouco interesse ou não senitiu prazer em fazer as coisas? """
N003,"""Nas duas últimas semanas, com que frequência o(a) Sr(a) teve problemas para se concentrar nas suas atividades habituais? """
N004,"""Nas duas últimas semanas, com que frequência o(a) Sr(a) teve problemas na alimentação, como ter falta de apetite ou comer muito mais do que de costume?"""
N005,"""Nas duas últimas semanas, com que frequência o(a) Sr(a) teve lentidão para se movimentar ou falar, ou ao contrário ficou muito agitado(a) ou inquieto(a)?"""
N006,"""Nas duas últimas semanas, com que frequência o(a) Sr(a) se sentiu deprimido(a), “pra baixo” ou sem perspectiva?"""
N007,"""Nas duas últimas semanas, com que frequência o(a) Sr(a) se sentiu mal consigo mesmo, se achando um fracasso ou achando que decepcionou sua família?"""
N008,"""Nas duas últimas semanas, com que frequência o(a) Sr(a) pensou em se ferir de alguma maneira ou achou que seria melhor estar morto?"""
N010,O(a) Sr(a) faz uso de aparelho auditivo?
N011,"""Em geral, que grau de dificuldade o(a) Sr(a) tem para ouvir? """
N012,"""O(a) Sr(a) usa algum tipo de recurso (como óculos, lentes de contato, lupa, etc.) para auxiliar a enxergar?"""
N013,"""Em geral, que grau de dificuldade o(a) Sr(a) tem para ver de longe? (reconhecer uma pessoa conhecida do outro lado da rua a uma distância de mais ou menos 20 metros)"""
N014,"""Em geral, que grau de dificuldade _____ tem para ver de perto? (reconhecer um objeto que esteja ao alcance das mãos ou ao ler)"""
N015,O(a) Sr(a) dirige carro?
N016,O(a) Sr(a) dirige motocicleta?
N017,"""Com que frequência o(a) Sr(a) anda de carro/automóvel, van ou táxi?"""
N018,"""Com que frequência o(a) Sr(a) usa cinto de segurança quando dirige ou anda como passageiro no banco da frente de carro/ automóvel, van ou táxi?"""
N019,"""Com que frequência o(a) Sr(a) usa cinto de segurança quando anda no banco de trás de carro/automóvel, van ou táxi?"""
N020,Com que frequência o(a) Sr(a) anda de motocicleta?
N021,Com que frequência o(a) Sr(a) usa capacete quando dirige motocicleta?
N022,Com que frequência o(a) Sr(a) usa capacete quando anda como passageiro de motocicleta?
N023,"""Nos últimos 12 meses, o(a) Sr(a) se envolveu em algum acidente de trânsito no qual tenha sofrido lesões corporais (ferimentos)?"""
O001,"""Se sim, quantos?"""
O002,"""Algum desses acidentes de trânsito ocorreu quando o(a) Sr(a) estava trabalhando, indo ou voltando do trabalho?"""
O003,"""Durante o acidente de trânsito mais grave ocorrido nos últimos 12 meses, o(a) Sr(a) era:"""
O004,"""Para este acidente que o(a) Sr(a) considerou mais grave, o acidente envolveu transporte de carga perigosa, como gasolina, diesel, álcool, ácidos ou produtos químicos em geral?"""
O005,O acidente resultou em derramamento de carga?
O006,"""Para este acidente que considerou mais grave, o(a) Sr(a) deixou de realizar quaisquer de suas atividades habituais (trabalhar, realizar afazeres domésticos, ir à escola etc.)?"""
O007,"""Para este acidente que considerou mais grave, o(a) Sr(a) recebeu algum tipo de assistência de saúde?"""
O008,Onde o(a) Sr(a) recebeu a primeira assistência de saúde?
O009,Quem lhe prestou atendimento no local do acidente
O00901,"""Em quantas horas, após o acidente, o(a) Sr(a) recebeu o primeiro atendimento de saúde?"""
O010,"""Em quantos minutos, após o acidente, o(a) Sr(a) recebeu o primeiro atendimento de saúde?"""
O011,"""Por causa deste acidente de trânsito, o(a) Sr(a) precisou ser internado por 24 horas ou mais?"""
O012,O Sr(a) teve ou tem alguma sequela e/ou incapacidade decorrente deste acidente de trânsito?
O013,Nos últimos 12 meses o(a) Sr(a) se envolveu em algum acidente de trabalho (sem considerar os acidentes de trânsito)?
O014,"""Para o acidente de trabalho que considerou mais grave, o(a) Sr(a) deixou de realizar quaisquer de suas atividades habituais (trabalhar, realizar afazeres domésticos, ir à escola, etc.)?"""
O015,"""Por causa deste acidente de trabalho, o(a) Sr(a) precisou ser internado por 24 horas ou mais?"""
O016,O(a) Sr(a) teve ou tem alguma sequela e/ou incapacidade decorrente deste acidente de trabalho?
O017,"""Nos últimos 12 meses, o(a) Sr(a) sofreu alguma violência ou agressão de pessoa desconhecida (como bandido, policial, assaltante etc.)?"""
O01801,"""Pensando na violência mais grave que o(a) Sr(a) sofreu de pessoa desconhecida nos últimos 12 meses, que tipo de violência o(a) Sr(a) sofreu?"""
O01802,"""Pensando na violência mais grave que o(a) Sr(a) sofreu de pessoa desconhecida nos últimos 12 meses, como (a) sr(a) foi ameaçado(a) ou ferido(a)?"""
O019,Onde ocorreu essa violência?
O020,"""Nesta ocorrência, a violência foi cometida por:"""
O021,"""Por causa dessa violência, o(a) Sr(a) deixou de realizar quaisquer de suas atividades habituais (trabalhar, realizar afazeres domésticos, ir à escola, etc.)?"""
O02101,O(a) Sr(a) teve alguma lesão corporal ou ferimento provocado por essa violência?
O022,"""Por causa desta violência, o(a) Sr(a) recebeu algum tipo de assistência de saúde?"""
O023,Onde foi prestada a primeira assistência de saúde?
O024,"""Por causa desta violência, o(a) Sr(a) precisou ser internado por 24 horas ou mais?"""
O025,O(a) Sr(a) teve ou tem alguma sequela e/ou incapacidade decorrente desta violência?
O027,"""Nos últimos 12 meses, o(a) Sr(a) sofreu alguma violência ou agressão de pessoa conhecida (como pai, mãe, filho(a), cônjuge, parceiro(a), namorado(a), amigo(a), vizinho(a))?"""
O028,"""Nos últimos 12 meses, com que frequência sofreu alguma violência de pessoa conhecida?"""
O029,"""Pensando na violência mais grave que o(a) Sr(a) sofreu de pessoa conhecida nos últimos 12 meses, que tipo de violência o(a) Sr(a) sofreu?"""
O030,"""Pensando na violência mais grave que o(a) Sr(a) sofreu de pessoa conhecida nos últimos 12 meses, como o(a) Sr(a) foi ameaçado(a) ou ferido(a)?"""
O031,Onde ocorreu esta violência?
O032,"""Nos últimos 12 meses, o(a) Sr(a) deixou de realizar quaisquer de suas atividades habituais (trabalhar, realizar afazeres domésticos, ir à escola etc.) por causa desta violência?"""
O033,"""Por causa desta violência, o(a) Sr(a) buscou algum tipo de assistência de saúde?"""
O034,Onde foi prestada a assistência de saúde? 
O035,O(a) Sr(a) sabe seu peso? (mesmo que seja valor aproximado) 
O036,"""Se sim, qual o peso (kg)?"""
O037,Quanto tempo faz que o(a) Sr(a) se pesou da última vez? 
O038,O(a) Sr(a) lembra qual seu peso aproximado por volta dos 20 anos de idade? (somente para pessoas com 30 anos ou mais)
O039,O(A) Sr(a) sabe sua altura? (mesmo que seja valor aproximado) 
O040,Especifique a altura em cm (P004)
O041,A Sra está grávida no momento?
O042,Em quantos dias da semana o(a) costuma comer feijão? (0 =  Nunca ou menos de uma vez por semana)
O043,"""Em quantos dias da semana, o(a) Sr(a) costuma comer salada de alface e tomate ou salada de qualquer outra verdura ou legume cru? (0 =  Nunca ou menos de uma vez por semana)"""
O044,"""Em geral, quantas vezes por dia o(a) Sr(a) come este tipo de salada?"""
O045,"""Em quantos dias da semana, o(a) Sr(a) costuma comer verdura ou legume cozido, como couve, cenoura, chuchu, berinjela, abobrinha? (sem contar batata, mandioca ou inhame) (0 = Nunca ou menos de uma vez por semana)"""
O046,"""Em geral, quantas vezes por dia o(a) Sr(a) come verdura ou legume cozido? """
O047,"""Em quantos dias da semana o(a) Sr(a) costuma comer carne vermelha (boi, porco, cabrito)? (0 = Nunca ou menos de uma vez por semana)"""
O048,"""Quando o(a) Sr(a) come carne vermelha, o(a) Sr(a)costuma:"""
P001,Em quantos dias da semana o(a) Sr(a) costuma comer frango/galinha? (0 = Nunca ou menos de uma vez por semana)
P00101,"""Quando o(a) Sr(a)come frango/galinha, o(a) Sr(a) costuma:"""
P002,Em quantos dias da semana o(a) Sr(a) costuma comer peixe? (0 = Nunca ou menos de uma vez por semana)
P003,Em quantos dias da semana o(a) Sr(a) costuma tomar suco de frutas natural? (0 = Nunca ou menos de uma vez por semana)
P00301,"""Em geral, quantos copos por dia o(a) Sr(a) toma de suco de frutas natural?"""
P004,Em quantos dias da semana o(a) Sr(a) costuma comer frutas? (0 = Nunca ou menos de uma vez por semana)
P00401,"""Em geral, quantas vezes por dia o(a) Sr(a) come frutas?"""
P005,Em quantos dias da semana o(a) Sr(a) costuma tomar refrigerante (ou suco artificial)? (0 = Nunca ou menos de uma vez por semana)
P006,Que tipo de refrigerante ou suco artificial o(a) Sr(a) costuma tomar?
P007,"""Em geral, quantos copos de refrigerante ou suco artificial o(a) Sr(a) costuma tomar por dia?"""
P008,Em quantos dias da semana o(a) Sr(a) costuma tomar leite? (não vale leite de soja) (0 = Nunca ou menos de uma vez por semana)
P009,"""Quando o(a) Sr(a) toma leite, que tipo de leite costuma tomar?"""
P010,"""Em quantos dias da semana o(a) Sr(a) come alimentos doces, tais como pedaços de bolo ou torta, doces, chocolates, balas, biscoitos ou bolachas doces? (0 = Nunca ou menos de uma vez por semana)"""
P011,"""Em quantos dias da semana o(a) Sr(a) substitui a refeição do almoço ou jantar por sanduiches, salgados ou pizzas?  (0 = Nunca ou menos de uma vez por semana)"""
P012,"""Considerando a comida preparada na hora e os alimentos industrializados, o(a) Sr(a) acha que o seu consumo de sal é: """
P013,Com que frequência o(a) Sr(a) costuma consumir alguma bebida alcoólica?
P014,Quantos dias por semana o(a) Sr(a) costuma tomar alguma bebida alcoólica? (0 = Nunca ou menos de uma vez por semana)
P015,"""Em geral, no dia que o(a) Sr(a) bebe, quantas doses de bebida alcoólica o(a) Sr(a) consome? (1 dose de bebida alcoólica equivale a 1 lata de cerveja, 1 taça de vinho ou 1 dose de cachaça, whisky ou qualquer outra bebida alcoólica destilada)"""
P016,"""Em algum destes dias em que consumiu bebida alcoólica, o(a) Sr(a) dirigiu logo depois de beber?"""
P017,Quantos anos o(a) Sr(a) tinha quando começou a consumir bebidas alcoólicas?
P018,"""Se homem: Nos últimos 30 dias, o Sr chegou a consumir 5 ou mais doses de bebida alcoólica em uma única ocasião? Ou Se mulher: Nos últimos 30 dias, a Sra chegou a consumir  4 ou mais doses de bebida alcoólica em uma única ocasião?"""
P019,Em quantos dias do mês isto ocorreu?
P020,"""Nos últimos três meses, o(a) Sr(a) praticou algum tipo de exercício físico ou esporte? (não considere fisioterapia)"""
P021,Quantos dias por semana o(a) Sr(a) costuma praticar exercício físico ou  esporte? (0 = Nunca ou menos de uma vez por semana)
P022,Qual o exercício físico ou esporte que o(a) Sr(a) pratica com mais frequência?
P023,"""Em geral, no dia que o(a) Sr(a) pratica exercício ou esporte, quantas horas dura esta atividade?"""
P024,"""Em geral, no dia que o(a) Sr(a) pratica exercício ou esporte, quantos minutos dura esta atividade?"""
P025,"""No seu trabalho, o(a) Sr(a) anda bastante a pé?"""
P026,"""No seu trabalho, o(a) Sr(a) faz faxina pesada, carrega peso ou faz outra atividade pesada que requer esforço físico intenso?"""
P02601,"""Em uma semana normal, em quantos dias o(a) Sr(a) faz essas atividades no seu trabalho?"""
P027,Quantas horas o(a) Sr(a) passa realizando atividades físicas pesadas em um dia normal de trabalho? 
P028,Quantos minutos o(a) Sr(a) passa realizando atividades físicas pesadas em um dia normal de trabalho? 
P029,"""Para ir ou voltar do trabalho, o(a) Sr(a) faz algum trajeto a pé ou de bicicleta?"""
P030,"""Quantas horas o(a) Sr(a) gasta para percorrer este trajeto a pé ou de bicicleta, considerando a ida e a volta do trabalho?"""
P031,"""Quantos minutos o(a) Sr(a) gasta para percorrer este trajeto a pé ou de bicicleta, considerando a ida e a volta do trabalho?"""
P032,"""Nas suas atividades habituais (tais como ir, ou levar alguém, a algum curso, escola ou clube), quantos dias por semana o(a) Sr(a) faz alguma atividade que envolva deslocamento a pé ou bicicleta? (0 = Nunca ou menos de uma vez por semana)"""
P033,"""No dia que o(a) Sr(a) faz esta atividade, quantas horas o(a) Sr(a) gasta no deslocamento a pé ou de   bicicleta, considerando a ida e a volta?"""
P034,"""No dia que o(a) Sr(a) faz esta atividade, quantos minutos o(a) Sr(a) gasta no deslocamento a pé ou de   bicicleta, considerando a ida e a volta?"""
P035,"""Nas suas atividades domésticas o(a) Sr(a) faz faxina pesada, carrega peso ou faz outra atividade pesada que requer esforço físico intenso?"""
P036,"""Em uma semana normal, nas suas atividades domésticas, em quantos dias o(a) Sr(a) faz faxina pesada ou realiza atividades que requerem esforço físico intenso? """
P03701,Quantas horas por dia gasta realizando essas atividades domésticas pesadas? 
P03702,Quantos minutos por dia gasta realizando essas atividades domésticas pesadas? 
P038,"""Em média, quantas horas por dia o(a) Sr(a) costuma ficar assistindo televisão?"""
P039,"""Perto do seu domicílio, existe algum lugar público (praça, parque, rua fechada, praia) para fazer caminhada, realizar exercício ou praticar esporte?"""
P03901,O(a) Sr(a) conhece algum programa público no seu município de estímulo à prática de atividade física?
P03902,O(a) Sr(a) participa desse programa?
P03903,Qual o principal motivo de não participar?
P040,"""Atualmente, o(a) Sr(a) fuma algum produto do tabaco?"""
P04101,"""E no passado, o(a) Sr(a) fumou algum produto do tabaco diariamente?"""
P04102,"""E no passado, o(a) Sr(a) fumou algum produto do tabaco?"""
P042,Que idade o(a) Sr(a) tinha quando começou a fumar cigarro diariamente? (Branco = Não aplicável)
P04301,"""Em média, com que frequência o(a) Sr(a) fuma cigarros industrializados?"""
P04302,Especifique número de cigarros industrializados por dias (P05401)  (Branco = Não aplicável)
P044,Especifique número de cigarros industrializados por semanas (P05401)  (Branco = Não aplicável)
P04401,"""Em média, com que frequência o(a) Sr(a) fuma cigarros de palha ou enrolados a mão?"""
P04403,Especifique número cigarros de palha por dia (P05404)  (Branco = Não aplicável)
P04404,Especifique número cigarros de palha por semana (P05404)  (Branco = Não aplicável)
P045,"""Em média, com que frequência o(a) Sr(a) fuma cigarros cigarros de cravo ou de Bali?"""
P046,Especifique número de cigarro de cravo ou de bali por dia (P05407)  (Branco = Não aplicável)
P047,Especifique número de cigarro de cravo ou de bali por semana (P05407)  (Branco = Não aplicável)
P048,"""Em média, com que frequência o(a) Sr(a) fuma cachimbos (considere cachimbos cheios)?  """
P049,Especifique número de vezes que fumou cachimbo por dia (P05410)  (Branco = Não aplicável)
P050,Especifique número de de vezes que fumou cachimbo por semana (P05410)  (Branco = Não aplicável)
P051,"""Em média, com que frequência o(a) Sr(a) fuma charutos ou cigarrilhas?"""
P052,Especifique número vezes que fumou charuto ou cigarrilha  por dia (P05413) (Branco = Não aplicável)
P053,Especifique número vezes que fumou charuto ou cigarrilha  por semana  (P05413)  (Branco = Não aplicável)
P05401,"""Em média, com que frequência o(a) Sr(a) fuma Narguilé (sessões)?"""
P05402,Especifique número de sessões de narguilé por dia (P05416) (Branco = Não aplicável)
P05403,Especifique número de sessões de narguilé por semana (P05416)  (Branco = Não aplicável)
P05404,"""Em média, com que frequência o(a) Sr(a) fuma outro produto?"""
P05405,Especifique número de vezes que usou outro produto de tabaco por dia (P05416)  (Branco = Não aplicável)
P05406,Especifique número de de vezes que usou outro produto de tabaco por semana (P05416)  (Branco = Não aplicável)
P05407,Quanto tempo depois de acordar o(a) Sr(a) normalmente fuma pela primeira vez?
P05408,"""A última vez que o(a) Sr(a) comprou cigarros industrializados  para uso próprio, quantos cigarros comprou?"""
P05409,Qual a quantidade de cigarros?
P05410,Qual a quantidade de maços?
P05411,Quantos cigarros havia em cada maço?
P05412,Qual a quantidade de pacotes?
P05413,Quantos maços havia em cada pacote?
P05414,"""No total, quanto o(a) Sr(a) pagou por essa compra?"""
P05415,"""Em média, quantos cigarros industrializados o Sr.(a) fumava por dia ou por semana?"""
P05416,Especifique número de dias (P058)
P05417,Especifique número de semanas (P058)
P05418,Há quantos anos o(a) Sr(a) parou de fumar?
P05419,Há quantos meses o(a) Sr(a) parou de fumar?
P05421,Há quantos semanas o(a) Sr(a) parou de fumar?
P05422,Há quantos dias o(a) Sr(a) parou de fumar?
P055,"""Durante os últimos 12 meses, o(a) Sr(a) tentou parar de fumar?"""
P056,"""Quando o(a) Sr(a) tentou parar de fumar, procurou tratamento com profissional de saúde?"""
P05601,O(a) Sr(a) conseguiu o tratamento com profissional de saúde?
P05602,Porque o(a) Sr(a) não conseguiu tratamento?
P05603,O tratamento foi coberto por algum plano de saúde?
P05604,O(a) Sr(a) pagou algum valor por esse tratamento?
P05605,O tratamento foi feito através do Sistema Único de Saúde (SUS)?
P057,"""Atualmente, o(a) Sr(a) masca fumo, usa rapé ou usa algum produto do tabaco que não faz fumaça?"""
P058,Com que frequência alguém fuma dentro do seu domicílio?
P05801,"""Nos últimos 30 dias, o(a) Sr(a) viu alguma propaganda ou anúncio de cigarros nos pontos de venda de cigarros?"""
P05802,"""Nos últimos 30 dias, o(a) Sr(a) viu ou ouviu informações sobre os riscos de fumar cigarros ou que estimulem a parar de fumar nos nos jornais ou revistas?"""
P05901,"""Nos últimos 30 dias, o(a) Sr(a) viu ou ouviu informações sobre os riscos de fumar cigarros ou que estimulem a parar de fumar na televisão?"""
P05902,"""Nos últimos 30 dias, o(a) Sr(a) viu ou ouviu informações sobre os riscos de fumar cigarros ou que estimulem a parar de fumar no rádio?"""
P05903,"""Nos últimos 30 dias, viu alguma foto ou advertência sobre os riscos de fumar nos maços de cigarros?"""
P05904,"""Nos últimos 30 dias, as advertências nos maços de cigarro levaram o(a) Sr(a) a pensar em parar de fumar?"""
P060,Quando foi a última vez que o(a) Sr(a) teve sua pressão arterial medida?
P061,Algum médico já lhe deu o diagnóstico de hipertensão arterial (pressão alta)?
P062,Que idade o(a) Sr(a) tinha no primeiro diagnóstico de hipertensão arterial (pressão alta)? (0 =  Menos de 1 ano)
P063,O(a) Sr(a) vai ao médico/serviço de saúde regularmente por causa da hipertensão arterial (pressão alta)?
P064,Qual o principal motivo do(a) Sr(a) não visitar o médico/serviço de saúde regularmente por causa da hipertensão arterial (pressão alta)?
P065,"""Nas duas últimas semanas, o(a) Sr(a) tomou medicamentos por causa da hipertensão arterial (pressão alta)?"""
P066,Algum dos medicamentos para hipertensão arterial foi coberto por plano de saúde?
P067,Algum dos medicamentos para hipertensão arterial foi obtido no programa de farmácia popular (PFP)?
P068,Algum dos medicamentos para hipertensão arterial foi obtido em serviço público de saúde?
P069,O(A) Sr(a) pagou algum valor pelos medicamentos? 
P07001,Quando foi a última vez que o(a) Sr(a) recebeu assistência médica por causa da hipertensão arterial?
P07002,"""Na última vez que recebeu assistência médica para hipertensão arterial, onde o(a) Sr(a) foi atendido?"""
P07003,Esse atendimento foi coberto por algum plano de saúde? 
P071,O(a) Sr(a) pagou algum valor por este atendimento?
P072,Esse atendimento foi feito pelo SUS? 
Q001,"""Na última consulta, o médico que o(a) atendeu era o mesmo das consultas anteriores? """
Q002,"""Na última consulta, o médico viu os exames das consultas passadas? """
Q003,"""Em algum dos atendimentos para hipertensão, algum médico ou outro profissional de saúde lhe recomendou manter uma alimentação saudável (com frutas e vegetais)?"""
Q004,"""Em algum dos atendimentos para hipertensão, algum médico ou outro profissional de saúde lhe recomendou manter o peso adequado?"""
Q005,"""Em algum dos atendimentos para hipertensão, algum médico ou outro profissional de saúde lhe recomendou ingerir menos sal?"""
Q006,"""Em algum dos atendimentos para hipertensão, algum médico ou outro profissional de saúde lhe recomendou praticar atividade física regular?"""
Q007,"""Em algum dos atendimentos para hipertensão, algum médico ou outro profissional de saúde lhe recomendou não fumar?"""
Q008,"""Em algum dos atendimentos para hipertensão, algum médico ou outro profissional de saúde lhe recomendou não beber em excesso?"""
Q009,"""Em algum dos atendimentos para hipertensão, algum médico ou outro profissional de saúde lhe recomendou fazer o acompanhamento regular?"""
Q010,"""Em algum dos atendimentos para hipertensão, algum médico ou outro profissional de saúde lhe fez outras recomendações?"""
Q011,"""Em algum dos atendimentos para hipertensão arterial foi pedido exame de sangue (colesterol, glicemia, triglicerídeos)?"""
Q012,Em algum dos atendimentos para hipertensão arterial foi pedido exame de urina?
Q013,Em algum dos atendimentos para hipertensão arterial foi pedido eletrocardiograma?
Q014,Em algum dos atendimentos para hipertensão arterial foi pedido teste de esforço?
Q015,"""Em algum dos atendimentos para hipertensão, algum médico ou outro profissional de saúde fez outro pedido?"""
Q016,O(a) Sr(a) fez todos os exames solicitados?
Q017,Qual o principal motivo do(a) Sr(a) não ter feito todos os exames solicitados?
Q01801,"""Em algum dos atendimentos para hipertensão arterial, houve encaminhamento para alguma consulta com médico especialista, tais como cardiologista ou nefrologista?"""
Q01802,O(a) Sr(a) foi a todas as consultas com o médico especialista?
Q01803,Qual o principal motivo do(a) Sr(a) não ter ido a todas as consultas com o médico especialista?
Q01804,Alguma vez o(a) Sr(a) se internou por causa da hipertensão ou de alguma complicação? 
Q01805,Há quanto tempo foi a última internação por causa da hipertensão ou de alguma complicação?
Q01806,"""Em geral, em que grau a hipertensão ou alguma complicação da hipertensão limita as suas atividades habituais (como trabalhar, estudar, realizar afazeres domésticos etc.)? """
Q01807,"""Quando foi a última vez que o(a) Sr(a) fez exame de sangue para medir a glicemia, isto é, o açúcar no sangue?"""
Q01808,Algum médico já lhe deu o diagnóstico de diabetes?
Q01901,Que idade o(a) Sr(a) tinha no primeiro diagnóstico de diabetes? (0 =  Menos de 1 ano) (Branco = Não aplicável)
Q01902,O(a) Sr(a) vai ao médico/serviço de saúde regularmente por causa do diabetes?
Q01903,Qual o principal motivo do(a) Sr(a) não visitar o médico/serviço de saúde regularmente por causa do diabetes?
Q01904,"""Nas duas últimas semanas, por causa do diabetes, o(a) Sr.(a) tomou medicamentos orais para baixar o açúcar?"""
Q01905,"""Nas duas últimas semanas, por causa do diabetes, o(a) Sr.(a) usou insulina?"""
Q020,Algum dos medicamentos ou insulina para diabetes foi coberto por plano de saúde?
Q021,Algum dos medicamentos para diabetes ou insulina no programa farmácia popular (PFP)?
Q022,Algum dos medicamentos para diabetes ou insulina foi obtido em serviço público de saúde?
Q023,O(a) Sr(a) pagou algum valor pelos medicamentos para diabetes ou insulina?
Q024,Quando foi a última vez que o(a) Sr(a) recebeu assistência médica por causa da diabetes?
Q026,"""Na última vez que recebeu assistência médica para diabetes, onde o(a) Sr(a) foi atendido?"""
Q027,Esse atendimento foi coberto por algum plano de saúde?
Q028,O(A) Sr(a) pagou algum valor por esse atendimento?
Q029,Esse atendimento foi feito pelo SUS?
Q030,"""Em algum dos atendimentos para diabetes, algum médico ou outro profissional de saúde lhe recomendou manter uma alimentação saudável (com frutas  vegetais)?"""
Q031,"""Em algum dos atendimentos para diabetes, algum médico ou outro profissional de saúde lhe recomendou manter o peso adequado?"""
Q032,"""Em algum dos atendimentos para diabetes, algum médico ou outro profissional de saúde lhe recomendou praticar atividade física regular?"""
Q033,"""Em algum dos atendimentos para diabetes, algum médico ou outro profissional de saúde lhe recomendou não fumar?"""
Q03401,"""Em algum dos atendimentos para diabetes, algum médico ou outro profissional de saúde lhe recomendou não beber em excesso?"""
Q03402,"""Em algum dos atendimentos para diabetes, algum médico ou outro profissional de saúde lhe recomendou diminuir o consumo de carboidratos (massas, pães, etc.)"""
Q035,"""Em algum dos atendimentos para diabetes, algum médico ou outro profissional de saúde lhe recomendou medir a glicemia em casa?"""
Q036,"""Em algum dos atendimentos para diabetes, algum médico ou outro profissional de saúde lhe recomendou examinar os pés regularmente?"""
Q037,"""Em algum dos atendimentos para diabetes, algum médico ou outro profissional de saúde lhe recomendou outro procedimento?"""
Q038,"""Em algum dos atendimentos para diabetes foi pedido exame de sangue (colesterol, glicemia, triglicerídeos)?"""
Q039,Em algum dos atendimentos para diabetes foi pedido exame de hemoglobina glicada?
Q040,Em algum dos atendimentos para diabetes foi pedido exame curva glicêmica?
Q041,Em algum dos atendimentos para diabetes foi pedido exame de urina?
Q042,Em algum dos atendimentos para diabetes foi pedido outro exame?
Q043,"""Em algum dos atendimentos para diabetes, houve encaminhamento para alguma consulta com médico especialista, tal como cardiologista, endocrinologista, nefrologista ou oftalmologista? """
Q044,O(a) Sr(a) foi a todas as consultas com médico especialista? 
Q045,Quando foi a última vez que realizaram um exame de vista ou fundo de olho em que dilataram sua pupila?
Q04601,Quando foi a última vez que um médico ou profissional de saúde examinou seus pés para verificar sensibilidade ou presença de feridas ou irritações?
Q04602,O(a) Sr(a) tem ou teve problemas na vista por causa do diabetes?
Q04603,O(a) Sr(a) tem ou teve infarto por causa do diabetes?
Q04604,O(a) Sr(a) tem ou teve AVC (Acidente Vascular cerebral) ou derrame por causa do diabetes?
Q04605,O(a) Sr(a) tem ou teve outro problema circulatório por causa do diabetes?
Q04606,O(a) Sr(a) tem ou teve problemas problema nos rins por causa do diabetes?
Q04607,O(a) Sr(a) tem ou teve Úlcera/ferida nos pés por causa do diabetes?
Q04608,"""O(a) Sr(a) tem ou teve que fazer amputação de pés, pernas, mãos ou braços por causa do diabetes ?"""
Q04609,O(a) Sr(a) tem ou teve coma diabético por causa do diabetes?
Q04701,Outro
Q04702,Alguma vez o(a) Sr(a) se internou por causa do diabetes ou de alguma complicação? (0 =  Menos de 1 ano)
Q04703,Há quanto tempo foi a última internação por causa do diabetes ou de alguma complicação?
Q04704,"""Em geral, em que grau o diabetes ou alguma complicação do diabetes limita as suas atividades habituais (tais como trabalhar, realizar afazeres domésticos etc.)? """
Q04705,Quando foi a última vez que o(a) Sr(a) fez exame de sangue para medir o colesterol e triglicerídeos?
Q048,Algum médico já lhe deu o diagnóstico de colesterol alto? 
Q049,Que idade o(a) sr(a) tinha no primeiro diagnóstico de colesterol alto? (0 =  Menos de 1 ano)
Q050,Algum médico ou outro profissional de saúde lhe deu alguma recomendação para manter uma alimentação saudável (com frutas e vegetais) por causa do colesterol alto?
Q051,Algum médico ou outro profissional de saúde lhe deu alguma recomendação para manter o peso adequado por causa do colesterol alto?
Q052,Algum médico ou outro profissional de saúde lhe deu alguma recomendação para prática de atividade física por causa do colesterol alto?
Q053,Algum médico ou outro profissional de saúde lhe deu alguma recomendação para tomar medicamentos por causa do colesterol alto?
Q054,Algum médico ou outro profissional de saúde lhe deu alguma recomendação para não fumar por causa do colesterol alto?
Q05501,Algum médico ou outro profissional de saúde lhe deu alguma recomendação para fazer acompanhamento regular por causa do colesterol alto?
Q05502,"""Algum médico já lhe deu o diagnóstico de uma doença do coração tais como infarto, angina, insuficiência cardiaca ou outra?"""
Q05503,Algum médico já lhe deu o diagnóstico de uma doença do coração tal como infarto?
Q05504,Algum médico já lhe deu o diagnóstico de uma doença do coração tal como angina?
Q05505,Algum médico já lhe deu o diagnóstico de uma doença do coração tal como insuficiência cardíaca?
Q05506,Que idade o Sr(a) tinha no primeiro diagnóstico da doença do coração? (0 =  Menos de 1 ano)
Q05507,O(A) Sr(a) faz dieta atualmente por causa da doença do coração?
Q05508, O Sr(a) faz prática de atividade física atualmente por causa da doença do coração?
Q05509, O Sr(a) toma medicamentos atualmente por causa da  doença do coração?
Q056,O(a) Sr(a) já fez alguma cirurgia de ponte de safena ou colocação de stent ou angioplastia?
Q057,"""Em geral, em que grau a doença do coração limita as suas atividades habituais (tais como trabalhar, realizar afazeres domésticos etc.)?"""
Q058,Algum médico já lhe deu o diagnóstico de AVC (Acidente Vascular Cerebral) ou derrame?
Q059,Quantos derrames (ou AVC) o(a) Sr(a) já teve? (Branco = Não aplicável)
Q060,Que idade o(a) Sr(a) tinha no primeiro diagnóstico do derrame (ou AVC)? (0 =  Menos de 1 ano) (Branco = Não aplicável)
Q061,"""Por causa do derrame (ou AVC), o(a) Sr(a) realizou tomografia ou ressonância da cabeça?"""
Q06201,O(A) Sr(a) faz dieta atualmente por causa do derrame (ou AVC)?
Q06202,O(A) Sr(a) faz fisioterapia atualmente por causa derrame (ou AVC)?
Q06203,O(A) Sr(a) faz outras terapias de reabilitação atualmente por causa derrame (ou AVC)?
Q06204,O(A) Sr(a) toma aspirina atualmente por causa derrame (ou AVC)?
Q06205,O(A) Sr(a) toma outros medicamentos atualmente por causa derrame (ou AVC)?
Q06206,"""Em geral, em que grau o derrame (ou AVC) limita as suas atividades habituais (tais como trabalhar, realizar afazeres domésticos, etc.)?"""
Q063,Algum médico já lhe deu o diagnóstico de asma (ou bronquite asmática)? 
Q06301,Que idade o(a) Sr(a) tinha no primeiro diagnóstico de asma? (0 =  Menos de 1 ano)
Q06302,"""Nos últimos 12 meses, o(a) Sr(a) teve alguma crise de asma?"""
Q06303,"""O Sr(a) usa medicamentos (inaladores, aerossol ou comprimidos) atualmente por causa da asma?"""
Q06304,"""Em geral, em que grau a asma limita as suas atividades habituais (tais como trabalhar, realizar afazeres domésticos, etc.)? """
Q064,Algum médico já lhe deu o diagnóstico de artrite ou reumatismo? 
Q06501,Que idade o(a) Sr(a) tinha no primeiro diagnóstico de artrite ou reumatismo? (0 =  Menos de 1 ano) (Branco = Não aplicável)
Q06502,O Sr(a) faz exercício ou atividade física atualmente por causa da artrite ou reumatismo?
Q06503,O Sr(a) faz fisioterapia atualmente por causa da artrite ou reumatismo?
Q06504,O Sr(a) usa medicamentos ou injeções atualmente por causa da artrite ou reumatismo?
Q066,O Sr(a) faz acupuntura atualmente por causa da artrite ou reumatismo?
Q067,O(a) Sr(a) já fez alguma cirurgia por causa da artrite ou reumatismo?
Q068,"""Em geral, em que grau a artrite ou reumatismo limita as suas atividades habituais (tais como trabalhar, realizar afazeres domésticos, etc.)? """
Q069,"""O(a) Sr(a) tem algum problema crônico de coluna, como dor crônica nas costas ou no pescoço, lombalgia, dor ciática, problemas nas vértebras ou disco? """
Q070,Que idade o(a) Sr(a) tinha quando começou o problema na coluna? 
Q071,O(A) Sr(a) faz exercício ou fisioterapia atualmente por causa do problema na coluna?
Q07201,O(A) Sr(a) usa medicamentos ou injeções atualmente por causa do problema na coluna?
Q07202,O(A) Sr(a) faz acupuntura atualmente por causa do problema na coluna?
Q07203,"""Em geral, em que grau o problema na coluna limita as suas atividades habituais (tais como trabalhar, realizar afazeres domésticos, etc.)? """
Q07204,Algum médico já lhe deu o diagnóstico de DORT? 
Q07205,Que idade o(a) Sr(a) tinha no primeiro diagnóstico de DORT? (0 =  Menos de 1 ano) (Branco = Não aplicável)
Q07206,O Sr(a) faz exercício ou fisioterapia atualmente por causa do DORT?
Q073,O Sr(a) usa medicamentos ou injeções atualmente por causa por causa do DORT?
Q074,O Sr(a) faz acupuntura atualmente por causa do DORT?
Q075,"""Em geral, em que grau o DORT limita as suas atividades habituais (tais como trabalhar, realizar afazeres domésticos etc.)? """
Q076,Algum médico ou profissional de saúde mental (como psiquiatra ou psicólogo) já lhe deu o diagnóstico de depressão?
Q07701,Que idade o(a) Sr(a) tinha no primeiro diagnóstico de depressão? (0 =  Menos de 1 ano) (Branco = Não aplicável)
Q07702,O(a) Sr(a) vai ao médico/serviço de saúde regularmente por causa da depressão?
Q078,Qual o principal motivo do(a) Sr(a) não visitar o médico/serviço de saúde regularmente por causa da depressão?
Q079,O(A) Sr(a) faz dieta atualmente por causa da depressão?
Q080,O(A) Sr(a) faz fisioterapia atualmente por causa da depressão?
Q08101,Algum dos medicamentos para depressão foi coberto por plano de saúde?
Q08102,Algum dos medicamentos para depressão foi obtido em serviço público de saúde?
Q08103,Quando foi a última vez que o(a) Sr(a) recebeu assistência médica por causa da depressão?
Q08104,"""Na última vez que recebeu assistência médica para depressão, onde o(a) Sr(a) foi atendido?"""
Q08105,Esse atendimento foi coberto por plano de saúde?
Q082,"""Em algum dos atendimentos para depressão, houve encaminhamento para algum acompanhamento com profissional de saúde mental, como psiquiatra ou psicólogo? """
Q083,O(a) Sr(a) conseguiu ir a todas as consultas com profissional especialista de saúde mental?
Q084,Qual o principal motivo do(a) Sr(a) não ter ido a todas as consultas com o profissional especialista de saúde mental?
Q085,"""Em geral, em que grau a depressão limita as suas atividades habituais (tais como trabalhar, realizar afazeres domésticos, etc.)? """
Q08601,"""Algum médico ou profissional de saúde mental (como psiquiatra ou psicólogo) já lhe deu o diagnóstico de outra doença mental, como esquizofrenia, transtorno bipolar, psicose ou TOC (Transtorno obsessivo compulsivo)?"""
Q08603,"""Algum médico ou profissional de saúde mental (como psiquiatra ou psicólogo) já lhe deu o diagnóstico de outra doença mental, como esquizofrenia?"""
Q08604,"""Algum médico ou profissional de saúde mental (como psiquiatra ou psicólogo) já lhe deu o diagnóstico de outra doença mental, como transtorno bipolar?"""
Q08605,"""Algum médico ou profissional de saúde mental (como psiquiatra ou psicólogo) já lhe deu o diagnóstico de outra doença mental, como psicose ou TOC (Transtorno obsessivo compulsivo)?"""
Q087,Algum médico ou profissional de saúde mental (como psiquiatra ou psicólogo) já lhe deu o diagnóstico de outra doença mental?
Q088,Que idade o(a) Sr(a) tinha no primeiro diagnóstico de doença mental? (0 =  Menos de 1 ano) (Branco = Não aplicável)
Q089,O(a) Sr(a) visita o médico/serviço de saúde regularmente por causa dessa doença mental?
Q09001,Qual o principal motivo do(a) Sr(a) não visitar o médico/serviço de saúde regularmente?
Q09003,O(A) Sr(a) faz psicoterapia atualmente por causa da doença mental?
Q09004,O(A) Sr(a) usa medicamentos ou injeções atualmente por causa da doença mental?
Q09005,O(A) Sr(a) faz atualmente outro tratamento por causa da doença mental?
Q091,"""Em geral, em que grau essa doença mental limita as suas atividades habituais (tais como trabalhar, realizar afazeres domésticos etc.)? """
Q092,"""Algum médico já lhe deu o diagnóstico de alguma doença no pulmão ou DPOC (Doença Pulmonar Obstrutiva Crônica), tais como  enfisema pulmonar, bronquite crônica ou outro?"""
Q093,"""Algum médico já lhe deu o diagnóstico de alguma doença no pulmão ou DPOC (Doença Pulmonar Obstrutiva Crônica), tal como  enfisema pulmonar?"""
Q094,"""Algum médico já lhe deu o diagnóstico de alguma doença no pulmão ou DPOC (Doença Pulmonar Obstrutiva Crônica), tal como bronquite crônica?"""
Q095,Algum médico já lhe deu o diagnóstico de alguma outra doença no pulmão ou DPOC (Doença Pulmonar Obstrutiva Crônica)?
Q09601,Que idade o(a) Sr(a) tinha no primeiro diagnóstico da doença no pulmão? (0 = Menos de 1 ano) (Branco = Não aplicável)
Q09602,"""O(A) Sr(a) usa medicamentos (inaladores, aerossol ou comprimidos) atualmente por causa da doença no pulmão?"""
Q09603,O(A) Sr(a) usa oxigênio atualmente por causa da doença no pulmão?
Q097,O(A) Sr(a) faz fisioterapia respiratória atualmente por causa da doença no pulmão?
Q098,"""O(A) Sr(a) faz outra coisa atualmente que não uso de medicamentos (inaladores, aerossol ou comprimidos), oxigênio ou fisioterapia respiratória por causa da doença no pulmão?"""
Q100,"""Em geral, em que grau a doença do pulmão limita as suas atividades habituais (tais como trabalhar, realizar afazeres domésticos etc.)? """
Q101,Algum médico já lhe deu diagnóstico de câncer? 
Q102,"""No primeiro diagnóstico de câncer, que tipo de câncer o(a) sr(a) tem ou teve?"""
Q103,Que idade o(a) Sr(a) tinha no primeiro diagnóstico de câncer? (Branco = Não aplicável)
Q104,"""Em geral, em que grau o câncer ou algum problema provocado pelo câncer limita as suas atividades habituais (tais como trabalhar, realizar afazeres domésticos, etc.)?"""
Q105,Algum médico já lhe deu o diagnóstico de insuficiência renal crônica? 
Q106,Que idade o(a) Sr(a) tinha no primeiro diagnóstico de insuficiência renal crônica? (0 = Menos de 1 ano) (Branco = Não aplicável)
Q107,O(A) Sr(a) toma ou tomou medicamentos por causa da insuficiência renal crônica?
Q108,O(A) Sr(a) faz ou fez hemodiálise por causa da insuficiência renal crônica?
Q109,O(A) Sr(a) faz ou fez diálise peritoneal por causa da insuficiência renal crônica?
Q110,O(A) Sr(a) fez transplante de rins por causa da insuficiência renal crônica?
Q11001,"""O(A) Sr(a) faz ou fez outra coisa por causa da insuficiência renal crônica que não fosse tomar medicamentos, hemodiálise, diálise peritoneal ou transplante de rins?"""
Q11002,"""Em geral, em que grau a insuficiência renal crônica limita as suas atividades habituais (tais como trabalhar, realizar afazeres domésticos etc.)? """
Q11003,Algum médico já lhe deu algum diagnóstico de outra doença crônica (física ou mental) ou doença de longa duração (de mais de 6 meses de duração)?
Q11004,Que idade o(a) Sr(a) tinha no primeiro diagnóstico? (0 =  Menos de 1 ano)
Q111,"""Em geral, em que grau esta doença limita suas atividades habituais (tais como trabalhar, realizar afazeres domésticos, etc.)?"""
Q112,"""Nas últimas duas semanas, o(a) Sr(a) fez uso de algum medicamento para dormir? """
Q113,"""Nas últimas duas semanas, por quantos dias usou o medicamento para dormir? (Branco = Não aplicável)"""
Q11401,O medicamento que o(a) Sr(a) usa para dormir foi receitado por médico?
Q11402,Foi receitado para o(a) Sr(a) mesmo(a)?
Q11403,Quando foi a última vez que o Sr. fez um exame físico/toque retal da próstata?
Q115,Qual o principal motivo do Sr. nunca ter feito o exame? 
Q116,Quando foi a última vez que a Sra fez um exame preventivo para câncer de colo do útero?
Q11601,Qual o principal motivo da Sra nunca ter feito um exame preventivo? 
Q11602,O último exame preventivo para câncer do colo do útero foi coberto por algum plano de saúde?
Q11603,A Sra pagou algum valor pelo último exame preventivo para câncer do colo do útero?
Q117,O último exame preventivo para câncer do colo do útero foi feito através do Sistema Único de Saúde (SUS)?
Q11801,Quando a Sra recebeu o resultado do último exame preventivo?
Q11802,"""Após receber o resultado do exame, a Sra foi encaminhada a alguma consulta com ginecologista ou outro médico especialista"""
Q11803, A Sra foi à consulta
Q11804,Qual o principal motivo da Sra não ter ido à consulta? 
Q119,A sra já foi submetida a cirurgia para retirada do útero? 
Q120,"""Segundo o médico, qual o motivo da retirada do útero? """
Q121,Que idade a sra tinha quando foi submetida à cirurgia? 
Q122,Quando foi a última vez que um médico ou enfermeiro fez o exame clínico das suas mamas
Q123, Algum médico já lhe solicitou um exame de mamografia
Q124, A Sra fez o exame de mamografia
Q125,Qual o principal motivo da Sra não ter feito o exame de mamografia?
Q12601,Quando foi a última vez que a Sra fez um exame de mamografia?
Q12602,A Sra pagou algum valor pela última mamografia?
Q12603,A última mamografia foi feita através do Sistema Único de Saúde (SUS)
Q12604,Quando a Sra recebeu o resultado do exame de mamografia?  
Q12605,"""Após receber o resultado da mamografia, a Sra foi encaminhada para consulta com médico especialista?"""
Q127,A Sra foi à consulta com o especialista
Q128,Qual o principal motivo da Sra não ter ido à consulta com o especialista? 
Q130,Com que idade a sra ficou menstruada pela primeira vez?  
Q131,A sra ainda fica menstruada? 
Q132,Com que idade a sra parou de menstruar? 
Q133,A sra já entrou na menopausa? 
Q134,"""Alguma vez a sra fez ou faz tratamento hormonal para alívio dos sintomas da menopausa (com comprimidos, adesivos, gel ou injeções)? """
Q135,Este medicamento foi receitado por médico?
Q136,"""Nos últimos 12 meses, a sra teve relações sexuais?"""
Q137,"""Nos últimos 12 meses, a sra participou de grupo de planejamento familiar?"""
R001,E o seu parceiro participou de grupo de planejamento familiar? 
R002,A sra usa algum método para evitar a gravidez atualmente?
R003,Qual o principal motivo de não evitar a gravidez?
R004,A Sra usa pílula para evitar a gravidez atualmente?
R005,A Sra usa tabela para evitar a gravidez atualmente?
R006,O seu parceiro usa camisinha masculina para evitar a gravidez atualmente?
R007,A Sra usa camisinha feminina para evitar a gravidez atualmente?
R008,A Sra usa diafragma feminina para evitar a gravidez atualmente?
R009,A Sra usa diu para evitar a gravidez atualmente?
R010,A Sra usa contraceptivo injetável  para evitar a gravidez atualmente?
R011,A Sra usa Implantes (Norplant) para evitar a gravidez atualmente?
R012,A Sra usa creme/óvulo para evitar a gravidez atualmente?
R013,A Sra usa pílula do dia seguinte (contracepção de emergência) para evitar a gravidez atualmente?
R014,A Sra usa outro método que não os citados anteriormente para evitar a gravidez atualmente?
R015,A sra e/ou seu companheiro já fizeram ou fazem algum tratamento para engravidar? 
R016,Há quanto tempo a sra está tentando engravidar?
R017,"""Durante a sua vida, a sra já ficou grávida (mesmo que a gravidez não tenha chegado até o final)?"""
R018,Com que idade a Sra teve a sua primeira gravidez?
R019,A Sra já teve algum aborto espontâneo?
R020,Quantos?
R021,A Sra já teve algum aborto provocado?
R022,Quantos partos a Sra já teve?
R023,Quantos partos foram cesarianas?
R024,"""Quantos filhos nasceram vivos (ou seja, que apresentaram algum sinal de vida ao nascer)?"""
R025,"""Destes filhos nascidos vivos, quantos já morreram?"""
R026,"""Destes filhos nascidos vivos, quantos nasceram com peso menor que dois quilos e meio?"""
R027,"""Destes filhos nascidos vivos, quantos nasceram antes do tempo, isto é antes de completar 9 meses de gestação?"""
R028,Em que dia foi o último parto?
R029,Em que mês foi o último parto?
R030,Em que ano foi o último parto?
R031,"""Na última vez que a Sra esteve grávida, a Sra fez pré-natal?"""
R032,Na última vez que a Sra esteve grávida a Sra recebeu o cartão de pré-natal? 
R033,Com quantas semanas de gravidez a Sra iniciou o pré-natal?
R034,Quantas consultas de pré-natal a Sra teve?
R035,Onde foi realizada a maioria das consultas do pré-natal?     
R03601,As consultas do pré-natal foram cobertas por algum plano de saúde?  
R03602,A Sra pagou algum valor pelas consultas do pré-natal?
R03603,As consultas do pré-natal foram feitas através do Sistema Único de Saúde (SUS)?
R03604,Quem a atendeu na maioria das consultas?
R03605,"""Durante as consultas de pré-natal, a Sra recebeu algum aconselhamento para não faltar às consultas agendadas?"""
R03606,"""Durante as consultas de pré-natal, a Sra recebeu algum aconselhamento para manter uma alimentação saudável?"""
R03607,"""Durante as consultas de pré-natal, a Sra recebeu algum aconselhamento para não fumar?"""
R03608,"""Durante as consultas de pré-natal, a Sra recebeu algum aconselhamento para não beber?"""
R03609,"""Durante as consultas de pré-natal, a Sra recebeu algum aconselhamento para não fazer uso de tintura/alisamento de cabelo?"""
R03610,"""Durante as consultas de pré-natal, a Sra recebeu alguma orientação sobre sinais de trabalho de parto?"""
R03611,"""Durante as consultas de pré-natal, a Sra recebeu  alguma orientação sobre sinais de risco na gravidez?"""
R037,"""Durante as consultas de pré-natal, a Sra recebeu  alguma orientação sobre aleitamento materno?"""
R038,Durante o pré-natal a Sra foi informada sobre a qual serviço de saúde a Sra deveria ir no momento do parto?
R039,Mediram a sua altura na primeira consulta de pré-natal?
R040,"""Durante o pré-natal, em quantas consultas mediram sua pressão arterial?"""
R041,"""Durante o pré-natal, em quantas consultas mediram o seu peso?"""
R04101,"""Durante o pré-natal, em quantas consultas mediram a sua barriga?"""
R042,"""Durante o pré-natal, em quantas consultas ouviram o coração do bebê?"""
R04201,"""Durante o pré-natal, em quantas consultas examinaram suas mamas?"""
R043,Em alguma consulta do pré-natal o médico ou enfermeiro falou que sua pressão estava alta? 
R044,O médico ou enfermeiro explicou sobre os riscos da pressão alta para a Sra e para o bebê?
R045,A Sra foi encaminhada para consulta com médico especialista por causa da pressão alta?  
R046,A Sra foi à consulta com o médico especialista?
R047,"""Durante o pré-natal, a Sra fez exame de sangue? """
R048,Em alguma consulta do pré-natal o médico ou enfermeiro falou que seu exame de sangue mostrou açúcar alto (presença de diabetes)?
R04901,O médico ou enfermeiro explicou os riscos do açúcar alto no sangue para a Sra e seu bebê?
R04902,Explicaram sobre a alimentação que a Sra deveria ter para ajudar a controlar o açúcar no sangue?
R04903,A Sra foi encaminhada para consulta com médico especialista por causa do diabetes?
S001,Qual o principal motivo da Sra não ter ido à consulta com o médico especialista?
S002,Durante o atendimento pré-natal a Sra realizou exame de sangue para sífilis?
S003,A Sra recebeu o resultado do exame para sífilis antes do parto?
S004,A Sra recebeu tratamento para sífilis?
S005,A Sra foi orientada a usar preservativo?
S006,Foi pedido exame de sífilis para o seu parceiro?
S007,O seu parceiro foi tratado?
S008,"""Durante seu pré-natal, foi solicitado o teste para HIV?"""
S009,A Sra fez o teste de HIV?
S01001,Durante o atendimento pré-natal a Sra realizou exame de urina?
S01002,"""Durante o pré-natal, quantos exames de ultrasonografia foram solicitados?"""
S01003,A Sra conseguiu realizar os exames de ultrassonografia solicitados?
S01004,Qual o principal motivo da Sra não ter conseguido fazer todos os exames de ultras-sonografia solicitados?
S01005,Os exames de ultrassonografia foram cobertos por algum plano de saúde?
S01101,A Sra pagou algum valor pelos exames de ultrassonografia?
S01102,Os exames de ultrassonografia foram feitos através do Sistema Único de Saúde (SUS)?
S01103,Quanto tempo antes do parto foi a sua última consulta de pré-natal?
S012,Com quantas semanas de gravidez a Sra estava na última consulta de pré-natal?
S013,Qual o seu peso (kg) antes de engravidar?
S01401,Quantos quilos (kg) a Sra engordou na gestação?
S01402,Quem a atendeu no último parto?
S01403,Onde foi realizado o seu último parto?
S01404,O parto foi realizado no estabelecimento de saúde indicado no pré-natal?
S01405,O parto foi realizado no primeiro estabelecimento de saúde que procurou?
S015,Quantos estabelecimentos de saúde a Sra teve que ir até conseguir a internação para o parto?
S016,O parto foi coberto por algum plano de saúde?
S017,A Sra pagou algum valor pelo parto? 
S018,O parto foi feito através do Sistema Único de Saúde (SUS)?
S019,"""O seu companheiro ou alguma pessoa da família, ou amiga ficou com a Sra durante o trabalho de parto?"""
S020,Por que a Sra não teve acompanhante durante o trabalho de parto?
S021,O seu parto foi:
S022,"""A cesariana foi marcada com antecedência, durante o pré-natal?"""
S023, Qual o principal motivo da Sra ter tido parto cesáreo?
S024,Com que frequência o(a) Sr(a) escova os dentes?
S025,O(A) Sr(a) usa escova de dente para fazer a limpeza de sua boca?  
S026,O(A) Sr(a) usa pasta de dente para fazer a limpeza de sua boca?  
S027,O(A) Sr(a) usa fio dental para fazer a limpeza de sua boca?  
S028,Com que frequência o(a) Sr(a)  troca a sua escova de dente por uma nova?
S029,"""Em geral, como o(a) Sr(a)  avalia sua saúde bucal (dentes e gengivas)?"""
S030,Que grau de dificuldade o(a) Sr(a)  tem para se alimentar por causa de problemas com seus dentes ou dentadura?
S031,Qual o principal motivo da sua última consulta ao dentista?
S032,Onde foi a última consulta odontológica?
S033,O local onde o(a) Sr(a) teve atendimento odontológico fica:
S034,Como o(a) Sr(a) conseguiu a consulta odontológica? 
S035,Como foi feito o agendamento?
S036,Quantas horas no total que o(a) Sr(a) ficou em fila de espera desde a hora que chegou ao serviço de saúde até conseguir o atendimento com dentista?
S037,Quantas horas durou a consulta odontológica?
S038,Quantos minutos durou a consulta odontológica?
S039,A consulta odontológica foi coberta por algum plano de saúde?
S040,O(a) Sr(a) pagou algum valor pela consulta odontológica? 
S041,A consulta odontológica foi feita pelo SUS?
S042,"""De forma geral, como o(a) Sr(a) avalia o atendimento recebido? """
S043,"""Lembrando-se dos seus dentes de cima, o(a) Sr(a)  perdeu algum dente?  """
S044,"""Especifique quantos dentes (U023 item 2 - Sim, perdi)"""
S045,"""Lembrando-se dos seus dentes de baixo, o(a) Sr(a)  perdeu algum dente? """
S046,"""Especifique quantos dentes (U024 item 2 - Sim, perdi)"""
S047,O(a) Sr(a)  usa algum tipo de prótese dentária (dente artificial)?
S048,Quando foi a última vez que o(a) Sr(a) consultou um médico?
S049,Por qual motivo o(a) Sr(a) precisou consultar um médico?
S050,Onde procurou o primeiro atendimento médico por este motivo?
S051,"""Na primeira vez que procurou atendimento médico por este motivo, o(a) Sr(a) conseguiu ser atendido?"""
S052,Quantas vezes voltou a procurar atendimento médico por este motivo?
S053,O(a) Sr(a) conseguiu o atendimento médico que precisava?
S054,Onde conseguiu o atendimento médico por este motivo?
S055,Onde fica o serviço de saúde em que o(a) Sr(a) teve a consulta médica? 
S056,Como o(a) Sr(a) conseguiu a consulta médica? 
S057,Quantas horas no total que o(a) Sr(a) ficou em fila de espera desde a hora que chegou ao serviço de saúde até conseguir o atendimento com médico? 
S058,Quantos minutos no total que o(a) Sr(a) ficou em fila de espera desde a hora que chegou ao serviço de saúde até conseguir o atendimento com médico? 
U001,Quantas horas durou a consulta médica?
U00201,Quantos minutos durou a consulta médica?
U00202,Que tipo de médico o/a atendeu?
U00203,A consulta médica foi coberta por plano de saúde?
U004,"""O(a) Sr(a) pagou algum valor pela consulta médica? (Entrevistador: Se o(a) entrevistado(a) responder que pagou mas teve reembolso total, marque a opção 2)"""
U005,A consulta médica foi feita pelo SUS?
U006,"""De um modo geral, como o(a) Sr(a) avalia o atendimento recebido quanto à disponibilidade de equipamentos necessários para a consulta médica?"""
U009,"""De um modo geral, como o(a) Sr(a) avalia o atendimento recebido quanto ao espaço disponível para a consulta médica?"""
U010,"""De um modo geral, como o(a) Sr(a) avalia o atendimento recebido quanto ao tempo gasto com deslocamento?"""
U011,"""De um modo geral, como o(a) Sr(a) avalia o atendimento recebido quanto ao tempo de espera até ser atendido?"""
U014,"""De um modo geral, como o(a) Sr(a) avalia o atendimento recebido quanto à forma como os atendentes o/a receberam?"""
U015,"""De um modo geral, como o(a) Sr(a) avalia o atendimento recebido quanto à limpeza das instalações, incluindo os banheiros?"""
U01701,"""De um modo geral, como o(a) Sr(a) avalia o atendimento recebido quanto às habilidades do médico para tratá-lo(a)?"""
U01702,"""De um modo geral, como o(a) Sr(a) avalia o atendimento recebido quanto ao respeito do médico na maneira de atendê-lo(a)?"""
U01801,"""De um modo geral, como o(a) Sr(a) avalia o atendimento recebido quanto à clareza nas explicações do médico?"""
U01802,"""De um modo geral, como o(a) Sr(a) avalia o atendimento recebido quanto à disponibilidade de tempo para fazer perguntas sobre o seu problema ou tratamento?"""
U019,"""De um modo geral, como o(a) Sr(a) avalia o atendimento recebido quanto à possibilidade de falar em privacidade com o médico?        """
U020,"""De um modo geral, como o(a) Sr(a) avalia o atendimento recebido quanto à liberdade em escolher o médico?"""
U021,Qual o principal motivo do(a) Sr(a) ter desistido de procurar atendimento médico?
U022,"""O(a) Sr(a) já se sentiu discriminado (a) ou tratado(a) pior do que as outras pessoas no serviço de saúde, por algum médico ou outro profissional de saúde por motivo de falta de dinheiro?"""
U023,"""O(a) Sr(a) já se sentiu discriminado (a) ou tratado(a) pior do que as outras pessoas no serviço de saúde, por algum médico ou outro profissional de saúde por motivo de classe social?"""
U02301,"""O(a) Sr(a) já se sentiu discriminado (a) ou tratado(a) pior do que as outras pessoas no serviço de saúde, por algum médico ou outro profissional de saúde por motivo de raça/cor?"""
U024,"""O(a) Sr(a) já se sentiu discriminado (a) ou tratado(a) pior do que as outras pessoas no serviço de saúde, por algum médico ou outro profissional de saúde por tipo de ocupação?"""
U02401,"""O(a) Sr(a) já se sentiu discriminado (a) ou tratado(a) pior do que as outras pessoas no serviço de saúde, por algum médico ou outro profissional de saúde por tipo de doença?"""
U025,"""O(a) Sr(a) já se sentiu discriminado (a) ou tratado(a) pior do que as outras pessoas no serviço de saúde, por algum médico ou outro profissional de saúde por preferência sexual?"""
X001,"""O(a) Sr(a) já se sentiu discriminado (a) ou tratado(a) pior do que as outras pessoas no serviço de saúde, por algum médico ou outro profissional de saúde por religião/crença?"""
X002,"""O(a) Sr(a) já se sentiu discriminado (a) ou tratado(a) pior do que as outras pessoas no serviço de saúde, por algum médico ou outro profissional de saúde por sexo?"""
X003,"""O(a) Sr(a) já se sentiu discriminado (a) ou tratado(a) pior do que as outras pessoas no serviço de saúde, por algum médico ou outro profissional de saúde por idade?"""
X004,"""O(a) Sr(a) já se sentiu discriminado (a) ou tratado(a) pior do que as outras pessoas no serviço de saúde, por algum médico ou outro profissional de saúde por outro motivo?"""
X005,Peso - 1ª pesagem (em kg)
X006,Peso - 2ª pesagem (em kg)
X007,Peso - Final (em kg)
X008,Altura - 1ª medição (em cm)
X011,Altura - 2ª medição (em cm)
X012,Altura - Final (em cm)
X01401,Circunferência da cintura - 1ª medição (em cm)
X01402,Circunferência da cintura - 2ª medição (em cm)
X01501,Circunferência da cintura - Final (em cm)
X01502,Pressão arterial sistólica  - 1ª medição (em mmHg)
X016,Pressão arterial diastólica  - 1ª medição (em mmHg)
X017,Pressão arterial sistólica  - 2ª medição (em mmHg)
X018,Pressão arterial diastólica  - 2ª medição (em mmHg)
X019,Pressão arterial sistólica  - 3ª medição (em mmHg)
X02001,Pressão arterial diastólica  - 3ª medição (em mmHg)
X02002,Pressão arterial sistólica  - Final (em mmHg) 
X02003,Pressão arterial diastólica  - Final (em mmHg) 
X02004,Peso do domicílio e dos moradores sem calibração
X02005,Peso do morador selecionado sem calibração
X02006,Peso do domicílio e dos moradores com calibração
X02201,Peso do morador selecionado com calibração
X02202,Projeção da população
X02203,Projeção da população para moradores selecionados
X02204,Domínio de projeção para domicílio e moradores
X02205,Domínio de projeção para morador selecionado
X02206,"""Número de componentes do domicílio (exclusive as pessoas cuja condição na família era pensionista, empregado doméstico ou parente do empregado doméstico) """
X024,Total de moradores com 18 anos ou mais
X02501,Nível de instrução mais elevado alcançado (pessoas de 5 anos ou mais de idade) -  SISTEMA DE 8 ANOS
X02502,Nível de instrução mais elevado alcançado (pessoas de 5 anos ou mais de idade) padronizado para o Ensino Fundamental -  SISTEMA DE 9 ANOS
X02503,Condição em relação à força de trabalho na semana de referência para pessoas de 14 anos ou mais de idade
X02504,Condição de ocupação na semana de referência para pessoas de 14 anos ou mais de idade
X02505,"""Rendimento domiciliar (exclusive o rendimento das pessoas cuja condição na unidade domiciliar era pensionista, empregado doméstico ou parente do empregado doméstico)"""
X02506,"""Rendimento domiciliar per capita (exclusive o rendimento das pessoas cuja condição na unidade domiciliar era pensionista, empregado doméstico ou parente do empregado doméstico)"""
